Workbook

Sheet RB General
H1: Simulasi Nilai
B2: Indikator | D2: Nilai Min | E2: Nilai Max | F2: Bobot | H2: Nilai | I2: Hasil Nilai
B3: Strategi Pelaksanaan RB General | F3: =SUM(F4:F7) -> 10 | H3: =SUM(I4:I7) -> 8.8
B4: 1 | C4: Rencana Aksi Pembangunan RB General | D4: 0 | E4: 100 | F4: 3 | H4: 100 | I4: =(H4/E4)*F4 -> 3
B5: 2 | C5: Tingkat Implementasi Rencana Aksi RB General | D5: 0 | E5: 100 | F5: 3 | H5: 80 | I5: =(H5/E5)*F5 -> 2.4
B6: 3 | C6: Capaian IKU | D6: 0 | E6: 100 | F6: 2 | H6: 70 | I6: =(H6/E6)*F6 -> 1.4
B7: 4 | C7: Kinerja Agen Perubahan | D7: 0 | E7: 100 | F7: 2 | H7: 100 | I7: =(H7/E7)*F7 -> 2
B8: Capaian Sasaran Strategis Reformasi Birokrasi | F8: =SUM(F9:F38) -> 100 | H8: =SUM(I9:I38) -> 100
B9: 1 | C9: IGA (Innovative Government Award) | D9: 0 | E9: 111 | F9: 5 | H9: 111 | I9: =(H9/E9)*F9 -> 5
B10: 2 | C10: Indeks Kepuasan Masyarakat | D10: 0 | E10: 100 | F10: 4 | H10: 100 | I10: =(H10/E10)*F10 -> 4
B11: 3 | C11: KOVABLIK (Kompetisi Inovasi Pelayanan Publik) | D11: 0 | E11: 100 | F11: 4 | H11: 100 | I11: =(H11/E11)*F11 -> 4
B12: 4 | C12: IPP (Indeks Pelayanan Publik) | D12: 0 | E12: 5 | F12: 7 | H12: 5 | I12: =(H12/E12)*F12 -> 7
B13: 5 | C13: Percepatan Pelaksanaan APBD | D13: 0 | E13: 100 | F13: 2 | H13: 100 | I13: =(H13/E13)*F13 -> 2
B14: 6 | C14: Monitoring dan Evaluasi Pembangunan | D14: 0 | E14: 100 | F14: 4 | H14: 100 | I14: =(H14/E14)*F14 -> 4
B15: 7 | C15: Anggaran Responsif Gender | D15: 0 | E15: 100 | F15: 4 | H15: 100 | I15: =(H15/E15)*F15 -> 4
B16: 8 | C16: E-Purchasing | D16: 0 | E16: 100 | F16: 2 | H16: 100 | I16: =(H16/E16)*F16 -> 2
B17: 9 | C17: E-Kontrak | D17: 0 | E17: 100 | F17: 3 | H17: 100 | I17: =(H17/E17)*F17 -> 3
B18: 10 | C18: Toko Daring | D18: 0 | E18: 100 | F18: 1 | H18: 100 | I18: =(H18/E18)*F18 -> 1
B19: 11 | C19: Non E-Tendering dan Non E-Purchasing | D19: 0 | E19: 100 | F19: 2 | H19: 100 | I19: =(H19/E19)*F19 -> 2
B20: 12 | C20: E-Katalog | D20: 0 | E20: 100 | F20: 2 | H20: 100 | I20: =(H20/E20)*F20 -> 2
... B38: 30 | C38: SP4N-LAPOR! | D38: 1 | E38: 5 | F38: 3 | H38: 5 | I38: =(H38/E38)*F38 -> 3
B39: Total Bobot | F39: =F3+F8 -> 110 | H39: Nilai Akhir | I39: =SUM(H3,H8) -> 108.8

Sheet m_indikator
A1: id_indikator | B1: indikator | C1: opd_pengampu | D1: id_opd | E1: nilai_maks | F1: bobot
A2: C020250201 | B2: IGA (Innovative Government Award) | C2: Badan Riset dan Inovasi Daerah | D2: 5 | E2: 111 | F2: 5 | G2: ="update m_indikator set indikator = '"&B2&"', opd_pengampu = '"&C2&"', id_opd = "&D2&", nilai_maks="&E2&" where id_indikator = '"&A2&"';" -> update m_indikator set indikator = 'IGA (Innovative Government Award)', opd_pengampu = 'Badan Riset dan Inovasi Daerah', id_opd = 5, nilai_maks=111 where id_indikator = 'C020250201';
A3: C020250202 | B3: Indeks Kepuasan Masyarakat | C3: Biro Organisasi | D3: 55 | E3: 100 | F3: 4 | G3: ="update m_indikator set indikator = '"&B3&"', opd_pengampu = '"&C3&"', id_opd = "&D3&", nilai_maks="&E3&" where id_indikator = '"&A3&"';" -> update m_indikator set indikator = 'Indeks Kepuasan Masyarakat', opd_pengampu = 'Biro Organisasi', id_opd = 55, nilai_maks=100 where id_indikator = 'C020250202';
A4: C020250203 | B4: KOVABLIK (Kompetisi Inovasi Pelayanan Publik) | C4: Badan Riset dan Inovasi Daerah | D4: 5 | E4: 100 | F4: 4 | G4: ="update m_indikator set indikator = '"&B4&"', opd_pengampu = '"&C4&"', id_opd = "&D4&", nilai_maks="&E4&" where id_indikator = '"&A4&"';" -> update m_indikator set indikator = 'KOVABLIK (Kompetisi Inovasi Pelayanan Publik)', opd_pengampu = 'Badan Riset dan Inovasi Daerah', id_opd = 5, nilai_maks=100 where id_indikator = 'C020250203';
A5: C020250204 | B5: Percepatan Pelaksanaan APBD | C5: Biro Administrasi Pembangunan | D5: 48 | E5: 100 | F5: 2 | G5: ="update m_indikator set indikator = '"&B5&"', opd_pengampu = '"&C5&"', id_opd = "&D5&", nilai_maks="&E5&" where id_indikator = '"&A5&"';" -> update m_indikator set indikator = 'Percepatan Pelaksanaan APBD', opd_pengampu = 'Biro Administrasi Pembangunan', id_opd = 48, nilai_maks=100 where id_indikator = 'C020250204';
A6: C020250205 | B6: Monitoring dan Evaluasi Pembangunan | C6: Biro Administrasi Pembangunan | D6: 48 | E6: 100 | F6: 4 | G6: ="update m_indikator set indikator = '"&B6&"', opd_pengampu = '"&C6&"', id_opd = "&D6&", nilai_maks="&E6&" where id_indikator = '"&A6&"';" -> update m_indikator set indikator = 'Monitoring dan Evaluasi Pembangunan', opd_pengampu = 'Biro Administrasi Pembangunan', id_opd = 48, nilai_maks=100 where id_indikator = 'C020250205';
A7: C020250206 | B7: Anggaran Responsif Gender | C7: Dinas Pemberdayaan Perempuan,Perlindungan Anak dan Kependudukan | D7: 25 | E7: 100 | F7: 4 | G7: ="update m_indikator set indikator = '"&B7&"', opd_pengampu = '"&C7&"', id_opd = "&D7&", nilai_maks="&E7&" where id_indikator = '"&A7&"';" -> update m_indikator set indikator = 'Anggaran Responsif Gender', opd_pengampu = 'Dinas Pemberdayaan Perempuan,Perlindungan Anak dan Kependudukan', id_opd = 25, nilai_maks=100 where id_indikator = 'C020250206';
A8: C020250207 | B8: E-Purchasing | C8: Biro Pengadaan Barang/Jasa | D8: 52 | E8: 100 | F8: 2 | G8: ="update m_indikator set indikator = '"&B8&"', opd_pengampu = '"&C8&"', id_opd = "&D8&", nilai_maks="&E8&" where id_indikator = '"&A8&"';" -> update m_indikator set indikator = 'E-Purchasing', opd_pengampu = 'Biro Pengadaan Barang/Jasa', id_opd = 52, nilai_maks=100 where id_indikator = 'C020250207';
A9: C020250208 | B9: E-Kontrak | C9: Biro Pengadaan Barang/Jasa | D9: 52 | E9: 100 | F9: 3 | G9: ="update m_indikator set indikator = '"&B9&"', opd_pengampu = '"&C9&"', id_opd = "&D9&", nilai_maks="&E9&" where id_indikator = '"&A9&"';" -> update m_indikator set indikator = 'E-Kontrak', opd_pengampu = 'Biro Pengadaan Barang/Jasa', id_opd = 52, nilai_maks=100 where id_indikator = 'C020250208';
A10: C020250209 | B10: Toko Daring | C10: Biro Pengadaan Barang/Jasa | D10: 52 | E10: 100 | F10: 1 | G10: ="update m_indikator set indikator = '"&B10&"', opd_pengampu = '"&C10&"', id_opd = "&D10&", nilai_maks="&E10&" where id_indikator = '"&A10&"';" -> update m_indikator set indikator = 'Toko Daring', opd_pengampu = 'Biro Pengadaan Barang/Jasa', id_opd = 52, nilai_maks=100 where id_indikator = 'C020250209';
A11: C020250210 | B11: Non E-Tendering dan Non E-Purchasing | C11: Biro Pengadaan Barang/Jasa | D11: 52 | E11: 100 | F11: 2 | G11: ="update m_indikator set indikator = '"&B11&"', opd_pengampu = '"&C11&"', id_opd = "&D11&", nilai_maks="&E11&" where id_indikator = '"&A11&"';" -> update m_indikator set indikator = 'Non E-Tendering dan Non E-Purchasing', opd_pengampu = 'Biro Pengadaan Barang/Jasa', id_opd = 52, nilai_maks=100 where id_indikator = 'C020250210';
A12: C020250211 | B12: E-Katalog | C12: Biro Pengadaan Barang/Jasa | D12: 52 | E12: 100 | F12: 2 | G12: ="update m_indikator set indikator = '"&B12&"', opd_pengampu = '"&C12&"', id_opd = "&D12&", nilai_maks="&E12&" where id_indikator = '"&A12&"';" -> update m_indikator set indikator = 'E-Katalog', opd_pengampu = 'Biro Pengadaan Barang/Jasa', id_opd = 52, nilai_maks=100 where id_indikator = 'C020250211';
A13: C020250212 | B13: Nilai SPBE | C13: Dinas Komunikasi dan Informatika | D13: 21 | E13: 5 | F13: 4.5 | G13: ="update m_indikator set indikator = '"&B13&"', opd_pengampu = '"&C13&"', id_opd = "&D13&", nilai_maks="&E13&" where id_indikator = '"&A13&"';" -> update m_indikator set indikator = 'Nilai SPBE', opd_pengampu = 'Dinas Komunikasi dan Informatika', id_opd = 21, nilai_maks=5 where id_indikator = 'C020250212';
... A30: C020250229 | B30: SP4N-LAPOR! | C30: Dinas Komunikasi dan Informatika | D30: 21 | E30: 5 | F30: 3 | G30: ="update m_indikator set indikator = '"&B30&"', opd_pengampu = '"&C30&"', id_opd = "&D30&", nilai_maks="&E30&" where id_indikator = '"&A30&"';" -> update m_indikator set indikator = 'SP4N-LAPOR!', opd_pengampu = 'Dinas Komunikasi dan Informatika', id_opd = 21, nilai_maks=5 where id_indikator = 'C020250229';
B31: IPP (Indeks Pelayanan Publik) | E31: 5 | F31: 7
A34: Indikator untuk aspek 1
A35: id_indikator | B35: indikator | C35: id_aspek | D35: bobot | E35: nilai_maks | F35: periode | G35: jml_periode | H35: opd_pengampu | I35: id_opd | J35: tag | K35: keterangan | L35: is_aktif | M35: insert into m_indikator (id_indikator,indikator,id_aspek,bobot,nilai_maks,periode,jml_periode,opd_pengampu,id_opd,tag,keterangan,is_aktif) values
A36: C020250101 | B36: Rencana Aksi Pembangunan RB General | C36: C0202501 | D36: 3 | E36: 100 | F36: 1 | G36: 1 | H36: Biro Organisasi | I36: 55 | J36: opd | K36: Biro Organisasi | L36: 1 | M36: ="('"&A36&"', '"&B36&"', '"&C36&"', "&D36&", "&E36&", "&F36&", "&G36&", '"&H36&"', "&I36&", '"&J36&"', '"&K36&"', "&L36&")," -> ('C020250101', 'Rencana Aksi Pembangunan RB General', 'C0202501', 3, 100, 1, 1, 'Biro Organisasi', 55, 'opd', 'Biro Organisasi', 1),
A37: C020250102 | B37: Tingkat Implementasi Rencana Aksi RB General | C37: C0202501 | D37: 3 | E37: 100 | F37: 1 | G37: 1 | H37: Inspektorat | I37: 39 | J37: opd | K37: Inspektorat | L37: 1 | M37: ="('"&A37&"', '"&B37&"', '"&C37&"', "&D37&", "&E37&", "&F37&", "&G37&", '"&H37&"', "&I37&", '"&J37&"', '"&K37&"', "&L37&")," -> ('C020250102', 'Tingkat Implementasi Rencana Aksi RB General', 'C0202501', 3, 100, 1, 1, 'Inspektorat', 39, 'opd', 'Inspektorat', 1),
A38: C020250103 | B38: Capaian IKU | C38: C0202501 | D38: 2 | E38: 100 | F38: 1 | G38: 1 | H38: Biro Organisasi | I38: 55 | J38: opd | K38: Biro Organisasi | L38: 1 | M38: ="('"&A38&"', '"&B38&"', '"&C38&"', "&D38&", "&E38&", "&F38&", "&G38&", '"&H38&"', "&I38&", '"&J38&"', '"&K38&"', "&L38&")," -> ('C020250103', 'Capaian IKU', 'C0202501', 2, 100, 1, 1, 'Biro Organisasi', 55, 'opd', 'Biro Organisasi', 1),
A39: C020250104 | B39: Kinerja Agen Perubahan | C39: C0202501 | D39: 2 | E39: 100 | F39: 1 | G39: 1 | H39: Biro Organisasi | I39: 55 | J39: opd | K39: Biro Organisasi | L39: 1 | M39: ="('"&A39&"', '"&B39&"', '"&C39&"', "&D39&", "&E39&", "&F39&", "&G39&", '"&H39&"', "&I39&", '"&J39&"', '"&K39&"', "&L39&")," -> ('C020250104', 'Kinerja Agen Perubahan', 'C0202501', 2, 100, 1, 1, 'Biro Organisasi', 55, 'opd', 'Biro Organisasi', 1),

Sheet m_evaluasi
A1: id_evaluasi | B1: id_indikator | E1: tahun | F1: nilai_maks | G1: nilai_input | H1: bobot | I1: nilai_akhir
A2: 20250001_C020250103 | B2: C020250103 | C2: C020250203 | D2: KOVABLIK | E2: 1 | F2: =VLOOKUP(C2,m_indikator!$A$2:$F$30,5,TRUE) -> 100 | G2: 0 | H2: =VLOOKUP(C2,m_indikator!$A$2:$F$30,6,TRUE) -> 4 | I2: =(G2/F2)*H2 -> 0 | J2: ="update evaluasi set tahun = "&E2&", nilai_maks = "&F2&", nilai_input="&G2&", bobot = "&H2&", nilai_akhir = "&I2&", id_indikator = '"&C2&"' where id_evaluasi = '"&A2&"';" -> update evaluasi set tahun = 1, nilai_maks = 100, nilai_input=0, bobot = 4, nilai_akhir = 0, id_indikator = 'C020250203' where id_evaluasi = '20250001_C020250103';
A3: 20250004_C020250103 | B3: C020250103 | C3: C020250203 | D3: KOVABLIK | E3: 1 | F3: =VLOOKUP(C3,m_indikator!$A$2:$F$30,5,TRUE) -> 100 | G3: 0 | H3: =VLOOKUP(C3,m_indikator!$A$2:$F$30,6,TRUE) -> 4 | I3: =(G3/F3)*H3 -> 0 | J3: ="update evaluasi set tahun = "&E3&", nilai_maks = "&F3&", nilai_input="&G3&", bobot = "&H3&", nilai_akhir = "&I3&", id_indikator = '"&C3&"' where id_evaluasi = '"&A3&"';" -> update evaluasi set tahun = 1, nilai_maks = 100, nilai_input=0, bobot = 4, nilai_akhir = 0, id_indikator = 'C020250203' where id_evaluasi = '20250004_C020250103';
A4: 20250007_C020250103 | B4: C020250103 | C4: C020250203 | D4: KOVABLIK | E4: 1 | F4: =VLOOKUP(C4,m_indikator!$A$2:$F$30,5,TRUE) -> 100 | G4: 0 | H4: =VLOOKUP(C4,m_indikator!$A$2:$F$30,6,TRUE) -> 4 | I4: =(G4/F4)*H4 -> 0 | J4: ="update evaluasi set tahun = "&E4&", nilai_maks = "&F4&", nilai_input="&G4&", bobot = "&H4&", nilai_akhir = "&I4&", id_indikator = '"&C4&"' where id_evaluasi = '"&A4&"';" -> update evaluasi set tahun = 1, nilai_maks = 100, nilai_input=0, bobot = 4, nilai_akhir = 0, id_indikator = 'C020250203' where id_evaluasi = '20250007_C020250103';
A5: 20250011_C020250103 | B5: C020250103 | C5: C020250203 | D5: KOVABLIK | E5: 1 | F5: =VLOOKUP(C5,m_indikator!$A$2:$F$30,5,TRUE) -> 100 | G5: 0 | H5: =VLOOKUP(C5,m_indikator!$A$2:$F$30,6,TRUE) -> 4 | I5: =(G5/F5)*H5 -> 0 | J5: ="update evaluasi set tahun = "&E5&", nilai_maks = "&F5&", nilai_input="&G5&", bobot = "&H5&", nilai_akhir = "&I5&", id_indikator = '"&C5&"' where id_evaluasi = '"&A5&"';" -> update evaluasi set tahun = 1, nilai_maks = 100, nilai_input=0, bobot = 4, nilai_akhir = 0, id_indikator = 'C020250203' where id_evaluasi = '20250011_C020250103';
A6: 20250017_C020250103 | B6: C020250103 | C6: C020250203 | D6: KOVABLIK | E6: 1 | F6: =VLOOKUP(C6,m_indikator!$A$2:$F$30,5,TRUE) -> 100 | G6: 0 | H6: =VLOOKUP(C6,m_indikator!$A$2:$F$30,6,TRUE) -> 4 | I6: =(G6/F6)*H6 -> 0 | J6: ="update evaluasi set tahun = "&E6&", nilai_maks = "&F6&", nilai_input="&G6&", bobot = "&H6&", nilai_akhir = "&I6&", id_indikator = '"&C6&"' where id_evaluasi = '"&A6&"';" -> update evaluasi set tahun = 1, nilai_maks = 100, nilai_input=0, bobot = 4, nilai_akhir = 0, id_indikator = 'C020250203' where id_evaluasi = '20250017_C020250103';
A7: 20250018_C020250103 | B7: C020250103 | C7: C020250203 | D7: KOVABLIK | E7: 1 | F7: =VLOOKUP(C7,m_indikator!$A$2:$F$30,5,TRUE) -> 100 | G7: 100 | H7: =VLOOKUP(C7,m_indikator!$A$2:$F$30,6,TRUE) -> 4 | I7: =(G7/F7)*H7 -> 4 | J7: ="update evaluasi set tahun = "&E7&", nilai_maks = "&F7&", nilai_input="&G7&", bobot = "&H7&", nilai_akhir = "&I7&", id_indikator = '"&C7&"' where id_evaluasi = '"&A7&"';" -> update evaluasi set tahun = 1, nilai_maks = 100, nilai_input=100, bobot = 4, nilai_akhir = 4, id_indikator = 'C020250203' where id_evaluasi = '20250018_C020250103';
A8: 20250021_C020250103 | B8: C020250103 | C8: C020250203 | D8: KOVABLIK | E8: 1 | F8: =VLOOKUP(C8,m_indikator!$A$2:$F$30,5,TRUE) -> 100 | G8: 0 | H8: =VLOOKUP(C8,m_indikator!$A$2:$F$30,6,TRUE) -> 4 | I8: =(G8/F8)*H8 -> 0 | J8: ="update evaluasi set tahun = "&E8&", nilai_maks = "&F8&", nilai_input="&G8&", bobot = "&H8&", nilai_akhir = "&I8&", id_indikator = '"&C8&"' where id_evaluasi = '"&A8&"';" -> update evaluasi set tahun = 1, nilai_maks = 100, nilai_input=0, bobot = 4, nilai_akhir = 0, id_indikator = 'C020250203' where id_evaluasi = '20250021_C020250103';
A9: 20250023_C020250103 | B9: C020250103 | C9: C020250203 | D9: KOVABLIK | E9: 1 | F9: =VLOOKUP(C9,m_indikator!$A$2:$F$30,5,TRUE) -> 100 | G9: 0 | H9: =VLOOKUP(C9,m_indikator!$A$2:$F$30,6,TRUE) -> 4 | I9: =(G9/F9)*H9 -> 0 | J9: ="update evaluasi set tahun = "&E9&", nilai_maks = "&F9&", nilai_input="&G9&", bobot = "&H9&", nilai_akhir = "&I9&", id_indikator = '"&C9&"' where id_evaluasi = '"&A9&"';" -> update evaluasi set tahun = 1, nilai_maks = 100, nilai_input=0, bobot = 4, nilai_akhir = 0, id_indikator = 'C020250203' where id_evaluasi = '20250023_C020250103';
A10: 20250025_C020250103 | B10: C020250103 | C10: C020250203 | D10: KOVABLIK | E10: 1 | F10: =VLOOKUP(C10,m_indikator!$A$2:$F$30,5,TRUE) -> 100 | G10: 100 | H10: =VLOOKUP(C10,m_indikator!$A$2:$F$30,6,TRUE) -> 4 | I10: =(G10/F10)*H10 -> 4 | J10: ="update evaluasi set tahun = "&E10&", nilai_maks = "&F10&", nilai_input="&G10&", bobot = "&H10&", nilai_akhir = "&I10&", id_indikator = '"&C10&"' where id_evaluasi = '"&A10&"';" -> update evaluasi set tahun = 1, nilai_maks = 100, nilai_input=100, bobot = 4, nilai_akhir = 4, id_indikator = 'C020250203' where id_evaluasi = '20250025_C020250103';
A11: 20250029_C020250103 | B11: C020250103 | C11: C020250203 | D11: KOVABLIK | E11: 1 | F11: =VLOOKUP(C11,m_indikator!$A$2:$F$30,5,TRUE) -> 100 | G11: 0 | H11: =VLOOKUP(C11,m_indikator!$A$2:$F$30,6,TRUE) -> 4 | I11: =(G11/F11)*H11 -> 0 | J11: ="update evaluasi set tahun = "&E11&", nilai_maks = "&F11&", nilai_input="&G11&", bobot = "&H11&", nilai_akhir = "&I11&", id_indikator = '"&C11&"' where id_evaluasi = '"&A11&"';" -> update evaluasi set tahun = 1, nilai_maks = 100, nilai_input=0, bobot = 4, nilai_akhir = 0, id_indikator = 'C020250203' where id_evaluasi = '20250029_C020250103';
A12: 20250030_C020250103 | B12: C020250103 | C12: C020250203 | D12: KOVABLIK | E12: 1 | F12: =VLOOKUP(C12,m_indikator!$A$2:$F$30,5,TRUE) -> 100 | G12: 0 | H12: =VLOOKUP(C12,m_indikator!$A$2:$F$30,6,TRUE) -> 4 | I12: =(G12/F12)*H12 -> 0 | J12: ="update evaluasi set tahun = "&E12&", nilai_maks = "&F12&", nilai_input="&G12&", bobot = "&H12&", nilai_akhir = "&I12&", id_indikator = '"&C12&"' where id_evaluasi = '"&A12&"';" -> update evaluasi set tahun = 1, nilai_maks = 100, nilai_input=0, bobot = 4, nilai_akhir = 0, id_indikator = 'C020250203' where id_evaluasi = '20250030_C020250103';
A13: 20250032_C020250103 | B13: C020250103 | C13: C020250203 | D13: KOVABLIK | E13: 1 | F13: =VLOOKUP(C13,m_indikator!$A$2:$F$30,5,TRUE) -> 100 | G13: 0 | H13: =VLOOKUP(C13,m_indikator!$A$2:$F$30,6,TRUE) -> 4 | I13: =(G13/F13)*H13 -> 0 | J13: ="update evaluasi set tahun = "&E13&", nilai_maks = "&F13&", nilai_input="&G13&", bobot = "&H13&", nilai_akhir = "&I13&", id_indikator = '"&C13&"' where id_evaluasi = '"&A13&"';" -> update evaluasi set tahun = 1, nilai_maks = 100, nilai_input=0, bobot = 4, nilai_akhir = 0, id_indikator = 'C020250203' where id_evaluasi = '20250032_C020250103';
... A612: 20250110_C020250605 | B612: C020250605 | C612: C020250229 | D612: SP4N Lapor | E612: 1 | F612: =VLOOKUP(C612,m_indikator!$A$2:$F$30,5,TRUE) -> 5 | G612: 1 | H612: =VLOOKUP(C612,m_indikator!$A$2:$F$30,6,TRUE) -> 3 | I612: =(G612/F612)*H612 -> 0.6 | J612: ="update evaluasi set tahun = "&E612&", nilai_maks = "&F612&", nilai_input="&G612&", bobot = "&H612&", nilai_akhir = "&I612&", id_indikator = '"&C612&"' where id_evaluasi = '"&A612&"';" -> update evaluasi set tahun = 1, nilai_maks = 5, nilai_input=1, bobot = 3, nilai_akhir = 0.6, id_indikator = 'C020250229' where id_evaluasi = '20250110_C020250605';

Sheet Sheet1
A1: id_indikator | B1: indikator | C1: id_aspek | D1: bobot | E1: nilai_maks | F1: periode | G1: jml_periode | H1: opd_pengampu | I1: id_opd | J1: tag | K1: keterangan | L1: is_aktif | M1: insert into m_indikator (id_indikator, indikator, id_aspek, bobot, nilai_maks, periode, jml_periode, opd_pengampu, id_opd, tag, keterangan, is_aktif) values
A2: C020250301 | B2: Rencana Aksi Pengentasan Kemiskinan | C2: C0202503 | D2: 1 | E2: 100 | F2: 1 | G2: 1 | H2: Biro Organisasi | I2: 55 | J2: opd | K2: Biro Organisasi | L2: 1 | M2: ="('"&A2&"', '"&B2&"', '"&C2&"', "&D2&", "&E2&", "&F2&", "&G2&", '"&H2&"', "&I2&", '"&J2&"', '"&K2&"', "&L2&")," -> ('C020250301', 'Rencana Aksi Pengentasan Kemiskinan', 'C0202503', 1, 100, 1, 1, 'Biro Organisasi', 55, 'opd', 'Biro Organisasi', 1),
A3: C020250302 | B3: Rencana Aksi Realisasi Investasi | C3: C0202503 | D3: 1 | E3: 100 | F3: 1 | G3: 1 | H3: Biro Organisasi | I3: 55 | J3: opd | K3: Biro Organisasi | L3: 1 | M3: ="('"&A3&"', '"&B3&"', '"&C3&"', "&D3&", "&E3&", "&F3&", "&G3&", '"&H3&"', "&I3&", '"&J3&"', '"&K3&"', "&L3&")," -> ('C020250302', 'Rencana Aksi Realisasi Investasi', 'C0202503', 1, 100, 1, 1, 'Biro Organisasi', 55, 'opd', 'Biro Organisasi', 1),
A4: C020250303 | B4: Rencana Aksi Mendorong Hilirisasi | C4: C0202503 | D4: 1 | E4: 100 | F4: 1 | G4: 1 | H4: Biro Organisasi | I4: 55 | J4: opd | K4: Biro Organisasi | L4: 1 | M4: ="('"&A4&"', '"&B4&"', '"&C4&"', "&D4&", "&E4&", "&F4&", "&G4&", '"&H4&"', "&I4&", '"&J4&"', '"&K4&"', "&L4&")," -> ('C020250303', 'Rencana Aksi Mendorong Hilirisasi', 'C0202503', 1, 100, 1, 1, 'Biro Organisasi', 55, 'opd', 'Biro Organisasi', 1),
A5: C020250304 | B5: Rencana Aksi Mendukung Ketahanan Pangan Nasional | C5: C0202503 | D5: 1 | E5: 100 | F5: 1 | G5: 1 | H5: Biro Organisasi | I5: 55 | J5: opd | K5: Biro Organisasi | L5: 1 | M5: ="('"&A5&"', '"&B5&"', '"&C5&"', "&D5&", "&E5&", "&F5&", "&G5&", '"&H5&"', "&I5&", '"&J5&"', '"&K5&"', "&L5&")," -> ('C020250304', 'Rencana Aksi Mendukung Ketahanan Pangan Nasional', 'C0202503', 1, 100, 1, 1, 'Biro Organisasi', 55, 'opd', 'Biro Organisasi', 1),
A6: C020250305 | B6: Rencana Aksi Peningkatan Kualitas dan Akses Layanan Kesehatan | C6: C0202503 | D6: 1 | E6: 100 | F6: 1 | G6: 1 | H6: Biro Organisasi | I6: 55 | J6: opd | K6: Biro Organisasi | L6: 1 | M6: ="('"&A6&"', '"&B6&"', '"&C6&"', "&D6&", "&E6&", "&F6&", "&G6&", '"&H6&"', "&I6&", '"&J6&"', '"&K6&"', "&L6&")," -> ('C020250305', 'Rencana Aksi Peningkatan Kualitas dan Akses Layanan Kesehatan', 'C0202503', 1, 100, 1, 1, 'Biro Organisasi', 55, 'opd', 'Biro Organisasi', 1),
A7: C020250306 | B7: Rencana Aksi Peningkatan Akses, Kualitas dan Mutu Layanan Pendidikan | C7: C0202503 | D7: 1 | E7: 100 | F7: 1 | G7: 1 | H7: Biro Organisasi | I7: 55 | J7: opd | K7: Biro Organisasi | L7: 1 | M7: ="('"&A7&"', '"&B7&"', '"&C7&"', "&D7&", "&E7&", "&F7&", "&G7&", '"&H7&"', "&I7&", '"&J7&"', '"&K7&"', "&L7&")," -> ('C020250306', 'Rencana Aksi Peningkatan Akses, Kualitas dan Mutu Layanan Pendidikan', 'C0202503', 1, 100, 1, 1, 'Biro Organisasi', 55, 'opd', 'Biro Organisasi', 1),
A8: C020250401 | B8: Capaian Output Pengentasan Kemiskinan | C8: C0202504 | D8: 1 | E8: 100 | F8: 1 | G8: 1 | H8: Biro Organisasi | I8: 55 | J8: opd | K8: Biro Organisasi | L8: 1 | M8: ="('"&A8&"', '"&B8&"', '"&C8&"', "&D8&", "&E8&", "&F8&", "&G8&", '"&H8&"', "&I8&", '"&J8&"', '"&K8&"', "&L8&")," -> ('C020250401', 'Capaian Output Pengentasan Kemiskinan', 'C0202504', 1, 100, 1, 1, 'Biro Organisasi', 55, 'opd', 'Biro Organisasi', 1),
A9: C020250402 | B9: Capaian Output Realisasi Investasi | C9: C0202504 | D9: 1 | E9: 100 | F9: 1 | G9: 1 | H9: Biro Organisasi | I9: 55 | J9: opd | K9: Biro Organisasi | L9: 1 | M9: ="('"&A9&"', '"&B9&"', '"&C9&"', "&D9&", "&E9&", "&F9&", "&G9&", '"&H9&"', "&I9&", '"&J9&"', '"&K9&"', "&L9&")," -> ('C020250402', 'Capaian Output Realisasi Investasi ', 'C0202504', 1, 100, 1, 1, 'Biro Organisasi', 55, 'opd', 'Biro Organisasi', 1),
A10: C020250403 | B10: Capaian Output Mendorong Hilirisasi | C10: C0202504 | D10: 1 | E10: 100 | F10: 1 | G10: 1 | H10: Biro Organisasi | I10: 55 | J10: opd | K10: Biro Organisasi | L10: 1 | M10: ="('"&A10&"', '"&B10&"', '"&C10&"', "&D10&", "&E10&", "&F10&", "&G10&", '"&H10&"', "&I10&", '"&J10&"', '"&K10&"', "&L10&")," -> ('C020250403', 'Capaian Output Mendorong Hilirisasi', 'C0202504', 1, 100, 1, 1, 'Biro Organisasi', 55, 'opd', 'Biro Organisasi', 1),
A11: C020250404 | B11: Capaian Output Mendukung Ketahanan Pangan Nasional | C11: C0202504 | D11: 1 | E11: 100 | F11: 1 | G11: 1 | H11: Biro Organisasi | I11: 55 | J11: opd | K11: Biro Organisasi | L11: 1 | M11: ="('"&A11&"', '"&B11&"', '"&C11&"', "&D11&", "&E11&", "&F11&", "&G11&", '"&H11&"', "&I11&", '"&J11&"', '"&K11&"', "&L11&")," -> ('C020250404', 'Capaian Output Mendukung Ketahanan Pangan Nasional', 'C0202504', 1, 100, 1, 1, 'Biro Organisasi', 55, 'opd', 'Biro Organisasi', 1),
A12: C020250405 | B12: Capaian Output Peningkatan Kualitas dan Akses Layanan Kesehatan | C12: C0202504 | D12: 1 | E12: 100 | F12: 1 | G12: 1 | H12: Biro Organisasi | I12: 55 | J12: opd | K12: Biro Organisasi | L12: 1 | M12: ="('"&A12&"', '"&B12&"', '"&C12&"', "&D12&", "&E12&", "&F12&", "&G12&", '"&H12&"', "&I12&", '"&J12&"', '"&K12&"', "&L12&")," -> ('C020250405', 'Capaian Output Peningkatan Kualitas dan Akses Layanan Kesehatan', 'C0202504', 1, 100, 1, 1, 'Biro Organisasi', 55, 'opd', 'Biro Organisasi', 1),
A13: C020250406 | B13: Capaian Output Peningkatan Akses, Kualitas dan Mutu Layanan Pendidikan | C13: C0202504 | D13: 1 | E13: 100 | F13: 1 | G13: 1 | H13: Biro Organisasi | I13: 55 | J13: opd | K13: Biro Organisasi | L13: 1 | M13: ="('"&A13&"', '"&B13&"', '"&C13&"', "&D13&", "&E13&", "&F13&", "&G13&", '"&H13&"', "&I13&", '"&J13&"', '"&K13&"', "&L13&")," -> ('C020250406', 'Capaian Output Peningkatan Akses, Kualitas dan Mutu Layanan Pendidikan', 'C0202504', 1, 100, 1, 1, 'Biro Organisasi', 55, 'opd', 'Biro Organisasi', 1),
